<?xml version="1.0" encoding="utf-8" standalone="yes"?>
<DCPlusPlus>
	<Settings>
		<Nick type="string">Gourma</Nick>
		<UploadSpeed type="string">0.005</UploadSpeed>
		<FinishedDLFilesOrder type="string">0,1,2,3,4,5,6,7,8,9</FinishedDLFilesOrder>
		<FinishedDLFilesWidths type="string">125,250,250,80,80,80,100,80,125,125</FinishedDLFilesWidths>
		<FinishedDLUsersOrder type="string">0,1,2,3,4,5,6</FinishedDLUsersOrder>
		<FinishedDLUsersWidths type="string">125,125,80,100,300,125,125</FinishedDLUsersWidths>
		<FinishedULFilesOrder type="string">0,1,2,3,4,5,6,7,8,9</FinishedULFilesOrder>
		<FinishedULFilesWidths type="string">125,250,250,80,80,80,100,80,125,125</FinishedULFilesWidths>
		<FinishedULUsersOrder type="string">0,1,2,3,4,5,6</FinishedULUsersOrder>
		<FinishedULUsersWidths type="string">125,125,80,100,300,125,125</FinishedULUsersWidths>
		<HubFrameOrder type="string">0,1,2,3,4,5,6,7,8</HubFrameOrder>
		<HubFrameWidths type="string">100,80,75,100,75,100,100,100,300</HubFrameWidths>
		<QueueFrameOrder type="string">0,1,2,3,4,5,6,7,8,9,10,11</QueueFrameOrder>
		<QueueFrameWidths type="string">200,300,80,110,75,200,200,100,200,100,300,60</QueueFrameWidths>
		<SearchFrameOrder type="string">0,1,2,3,4,5,6,7,8,9,10,11,12</SearchFrameOrder>
		<SearchFrameWidths type="string">654,50,100,60,80,100,50,70,150,100,100,300,300</SearchFrameWidths>
		<TransfersOrder type="string">0,1,2,3,4,5,6,7,8,9,10,11</TransfersOrder>
		<TransfersWidths type="string">200,300,350,125,100,100,100,80,80,100,100,100</TransfersWidths>
		<LogFormatPostDownload type="string">%Y-%m-%d %H:%M: %[target] downloaded from %[userNI] (%[userCID]), %[fileSI] (%[fileSIactual]), %[speed], %[time], %[fileTR]</LogFormatPostDownload>
		<LogFormatPostFinishedDownload type="string">%Y-%m-%d %H:%M: %[target] downloaded from %[userNI] (%[userCID]), %[fileSI] (%[fileSIsession]), %[speed], %[time], %[fileTR]</LogFormatPostFinishedDownload>
		<LogFormatPostUpload type="string">%Y-%m-%d %H:%M: %[source] uploaded to %[userNI] (%[userCID]), %[fileSI] (%[fileSIactual]), %[speed], %[time], %[fileTR]</LogFormatPostUpload>
		<LogFormatMainChat type="string">[%Y-%m-%d %H:%M] %[message]</LogFormatMainChat>
		<LogFormatPrivateChat type="string">[%Y-%m-%d %H:%M] %[message]</LogFormatPrivateChat>
		<ConfigVersion type="string">0.863</ConfigVersion>
		<CID type="string">KEFEVVPWMNPVZDQHHRFDJ5LPKIJTLMZ66IPWBQQ</CID>
		<LogFileMainChat type="string">%[hubURL].log</LogFileMainChat>
		<LogFilePrivateChat type="string">%[userNI].%[userCID].log</LogFilePrivateChat>
		<LogFileStatus type="string">%[hubURL]_status.log</LogFileStatus>
		<LogFileUpload type="string">Uploads.log</LogFileUpload>
		<LogFileDownload type="string">Downloads.log</LogFileDownload>
		<LogFileFinishedDownload type="string">Finished_downloads.log</LogFileFinishedDownload>
		<LogFileSystem type="string">system.log</LogFileSystem>
		<LogFormatSystem type="string">[%Y-%m-%d %H:%M] %[message]</LogFormatSystem>
		<LogFormatStatus type="string">[%Y-%m-%d %H:%M] %[message]</LogFormatStatus>
		<LastSearchType type="string">Any</LastSearchType>
		<Mapper type="string">MiniUPnP</Mapper>
		<LastSharedFolder type="string">C:\IITBS\DC\Upload\</LastSharedFolder>
		<WhitelistOpenURIs type="string">http:;https:;www;mailto:</WhitelistOpenURIs>
		<OutgoingConnections type="int">0</OutgoingConnections>
		<BandwidthLimitStart type="int">1</BandwidthLimitStart>
		<BandwidthLimitEnd type="int">1</BandwidthLimitEnd>
		<MaxDownloadSpeedRealTime type="int">0</MaxDownloadSpeedRealTime>
		<MaxUploadSpeedTime type="int">0</MaxUploadSpeedTime>
		<MaxDownloadSpeedPrimary type="int">0</MaxDownloadSpeedPrimary>
		<MaxUploadSpeedPrimary type="int">0</MaxUploadSpeedPrimary>
		<SlotsAlternateLimiting type="int">1</SlotsAlternateLimiting>
		<SlotsPrimaryLimiting type="int">7</SlotsPrimaryLimiting>
		<MainWindowState type="int">3</MainWindowState>
		<MainWindowSizeX type="int">1152</MainWindowSizeX>
		<MainWindowSizeY type="int">597</MainWindowSizeY>
		<MainWindowPosX type="int">623</MainWindowPosX>
		<MainWindowPosY type="int">165</MainWindowPosY>
		<SettingsWidth type="int">700</SettingsWidth>
		<SettingsHeight type="int">600</SettingsHeight>
		<SettingsPage type="int">8</SettingsPage>
		<BalloonMainChat type="int">0</BalloonMainChat>
		<BalloonPM type="int">0</BalloonPM>
		<BalloonPMWindow type="int">0</BalloonPMWindow>
		<BalloonFinishedDL type="int">1</BalloonFinishedDL>
		<BalloonFinishedFL type="int">0</BalloonFinishedFL>
		<FinishedDLFilesSort type="int">8</FinishedDLFilesSort>
		<FinishedDLUsersSort type="int">5</FinishedDLUsersSort>
		<FinishedULFilesSort type="int">8</FinishedULFilesSort>
		<FinishedULUsersSort type="int">5</FinishedULUsersSort>
		<HubFrameSort type="int">0</HubFrameSort>
		<QueueFrameSort type="int">0</QueueFrameSort>
		<SearchFrameSort type="int">-6</SearchFrameSort>
		<TransfersSort type="int">2</TransfersSort>
		<AwayIdle type="int">10</AwayIdle>
		<DownloadSlots type="int">6</DownloadSlots>
		<HubLastLogLines type="int">10</HubLastLogLines>
		<MaxDownloadSpeed type="int">0</MaxDownloadSpeed>
		<MaxMessageLines type="int">10</MaxMessageLines>
		<MinMessageLines type="int">1</MinMessageLines>
		<MinUploadSpeed type="int">0</MinUploadSpeed>
		<PMLastLogLines type="int">10</PMLastLogLines>
		<SearchHistory type="int">10</SearchHistory>
		<Slots type="int">7</Slots>
		<TabStyle type="int">12</TabStyle>
		<TabWidth type="int">150</TabWidth>
		<MaxExtraSlots type="int">3</MaxExtraSlots>
		<AddFinishedInstantly type="int">0</AddFinishedInstantly>
		<AdlsBreakOnFirst type="int">0</AdlsBreakOnFirst>
		<AllowUntrustedClients type="int">1</AllowUntrustedClients>
		<AllowUntrustedHubs type="int">1</AllowUntrustedHubs>
		<AlwaysCCPM type="int">0</AlwaysCCPM>
		<AlwaysTray type="int">1</AlwaysTray>
		<AutoAway type="int">0</AutoAway>
		<AutoFollow type="int">1</AutoFollow>
		<AutoKick type="int">0</AutoKick>
		<AutoKickNoFavs type="int">0</AutoKickNoFavs>
		<AutoSearch type="int">0</AutoSearch>
		<AutoSearchAutoMatch type="int">1</AutoSearchAutoMatch>
		<AutoDropAll type="int">0</AutoDropAll>
		<AutoDropDisconnect type="int">0</AutoDropDisconnect>
		<AutoDropFilelists type="int">0</AutoDropFilelists>
		<AwayCompLock type="int">1</AwayCompLock>
		<AwayTimeStamp type="int">0</AwayTimeStamp>
		<BoldFinishedDownloads type="int">1</BoldFinishedDownloads>
		<BoldFinishedUploads type="int">1</BoldFinishedUploads>
		<BoldFL type="int">1</BoldFL>
		<BoldHub type="int">1</BoldHub>
		<BoldPm type="int">1</BoldPm>
		<BoldQueue type="int">1</BoldQueue>
		<BoldSearch type="int">1</BoldSearch>
		<BoldSystemLog type="int">1</BoldSystemLog>
		<ClearSearch type="int">1</ClearSearch>
		<ClickableChatLinks type="int">1</ClickableChatLinks>
		<CompressTransfers type="int">1</CompressTransfers>
		<ConfirmADLSRemoval type="int">1</ConfirmADLSRemoval>
		<ConfirmExit type="int">1</ConfirmExit>
		<ConfirmHubClosing type="int">1</ConfirmHubClosing>
		<ConfirmHubRemoval type="int">1</ConfirmHubRemoval>
		<ConfirmItemRemoval type="int">1</ConfirmItemRemoval>
		<ConfirmUserRemoval type="int">1</ConfirmUserRemoval>
		<Coral type="int">1</Coral>
		<DcextRegister type="int">1</DcextRegister>
		<DontDlAlreadyQueued type="int">0</DontDlAlreadyQueued>
		<DontDLAlreadyShared type="int">0</DontDLAlreadyShared>
		<EnableCCPM type="int">1</EnableCCPM>
		<FavShowJoins type="int">0</FavShowJoins>
		<FilterMessages type="int">1</FilterMessages>
		<FinishedDLOnlyFull type="int">1</FinishedDLOnlyFull>
		<GeoCity type="int">0</GeoCity>
		<GeoRegion type="int">0</GeoRegion>
		<GetUserCountry type="int">1</GetUserCountry>
		<GetUserInfo type="int">1</GetUserInfo>
		<HubUserCommands type="int">1</HubUserCommands>
		<IgnoreBotPms type="int">0</IgnoreBotPms>
		<IgnoreHubPms type="int">0</IgnoreHubPms>
		<OpenNewWindow type="int">0</OpenNewWindow>
		<KeepFinishedFiles type="int">0</KeepFinishedFiles>
		<KeepLists type="int">0</KeepLists>
		<ListDuplicates type="int">1</ListDuplicates>
		<LogDownloads type="int">0</LogDownloads>
		<LogFilelistTransfers type="int">0</LogFilelistTransfers>
		<LogFinishedDownloads type="int">0</LogFinishedDownloads>
		<LogMainChat type="int">0</LogMainChat>
		<LogPrivateChat type="int">0</LogPrivateChat>
		<LogStatusMessages type="int">0</LogStatusMessages>
		<LogSystem type="int">0</LogSystem>
		<LogUploads type="int">0</LogUploads>
		<MagnetRegister type="int">1</MagnetRegister>
		<MinimizeToTray type="int">1</MinimizeToTray>
		<NoAwayMsgToBots type="int">1</NoAwayMsgToBots>
		<NoIpOverride type="int">0</NoIpOverride>
		<NoIpOverride6 type="int">0</NoIpOverride6>
		<OwnerDrawnMenus type="int">1</OwnerDrawnMenus>
		<PopupBotPms type="int">1</PopupBotPms>
		<PopupHubPms type="int">1</PopupHubPms>
		<PopupPMs type="int">1</PopupPMs>
		<PopunderFilelist type="int">0</PopunderFilelist>
		<PopunderPm type="int">0</PopunderPm>
		<LowestPrio type="int">0</LowestPrio>
		<PromptPassword type="int">0</PromptPassword>
		<RequireTLS type="int">0</RequireTLS>
		<SegmentedDL type="int">1</SegmentedDL>
		<SendUnknownCommands type="int">1</SendUnknownCommands>
		<SFVCheck type="int">1</SFVCheck>
		<ShowJoins type="int">0</ShowJoins>
		<SkipZeroByte type="int">0</SkipZeroByte>
		<SocksResolve type="int">1</SocksResolve>
		<SortFavUsersFirst type="int">0</SortFavUsersFirst>
		<StatusInChat type="int">1</StatusInChat>
		<TimeDependentThrottle type="int">0</TimeDependentThrottle>
		<TimeStamps type="int">1</TimeStamps>
		<ToggleActiveTab type="int">0</ToggleActiveTab>
		<UrlHandler type="int">0</UrlHandler>
		<UseCTRLForLineHistory type="int">1</UseCTRLForLineHistory>
		<UseSystemIcons type="int">1</UseSystemIcons>
		<RegisterSystemStartup type="int">0</RegisterSystemStartup>
		<HubPanedPos type="int">699</HubPanedPos>
		<QueuePanedPos type="int">300</QueuePanedPos>
		<SearchPanedPos type="int">200</SearchPanedPos>
		<TransfersPanedPos type="int">699</TransfersPanedPos>
		<TotalUpload type="int64">20053</TotalUpload>
		<TotalDownload type="int64">11084821572</TotalDownload>
	</Settings>
	<SearchTypes>
		<SearchType Id="6">3gp;asf;asx;avi;divx;flv;mkv;mov;mp4;mpeg;mpg;ogm;pxp;qt;rm;rmvb;swf;vob;webm;wmv</SearchType>
		<SearchType Id="5">bmp;cdr;eps;gif;ico;img;jpeg;jpg;png;ps;psd;sfw;tga;tif;webp</SearchType>
		<SearchType Id="1">ape;flac;m4a;mid;mp3;mpc;ogg;ra;wav;wma</SearchType>
		<SearchType Id="2">7z;ace;arj;bz2;gz;lha;lzh;rar;tar;z;zip</SearchType>
		<SearchType Id="3">doc;docx;htm;html;nfo;odf;odp;ods;odt;pdf;ppt;pptx;rtf;txt;xls;xlsx;xml;xps</SearchType>
		<SearchType Id="4">app;bat;cmd;com;dll;exe;jar;msi;ps1;vbs;wsf</SearchType>
	</SearchTypes>
	<Share>
		<Directory Virtual="Upload">C:\IITBS\DC\Upload\</Directory>
		<Directory Virtual="nothing">C:\dc\</Directory>
	</Share>
	<UserMatches>
		<UserMatch Name="Favorite users (added by DC++)" Predefined="1" Favs="1" Font="Segoe UI,-12,700,0,1" TextColor="127" BgColor="-1"/>
		<UserMatch Name="Operators (added by DC++)" Predefined="1" Ops="1" Font="" TextColor="8323072" BgColor="-1"/>
	</UserMatches>
	<Windows>
		<Window Id="Hub">
			<Param Id="Active" Opt="1">1</Param>
			<Param Id="Address">10.7.132.132:411</Param>
			<Param Id="Title" Opt="1">The_Champion (10.7.132.132:411)</Param>
		</Window>
		<Window Id="Hub">
			<Param Id="Address">10.107.2.55:411</Param>
			<Param Id="Title" Opt="1">EvilKagawa (10.107.2.55:411)</Param>
		</Window>
		<Window Id="Hub">
			<Param Id="Address">10.105.177.8:411</Param>
			<Param Id="Title" Opt="1">Th3 - Hu6 (10.105.177.8:411)</Param>
		</Window>
		<Window Id="Hub">
			<Param Id="Address">10.7.132.132:412</Param>
			<Param Id="Title" Opt="1">The_Champion_412 (10.7.132.132:412)</Param>
		</Window>
		<Window Id="Hub">
			<Param Id="Address">10.106.19.4</Param>
			<Param Id="Title" Opt="1">10.106.19.4</Param>
		</Window>
		<Window Id="FinishedDL"/>
		<Window Id="Queue"/>
	</Windows>
	<Recent>
		<Configuration Id="Hub" MaxItems="10"/>
		<Window Id="Hub">
			<Param Id="Address">10.106.19.4</Param>
			<Param Id="Title" Opt="1">10.106.19.4</Param>
		</Window>
		<Window Id="Hub">
			<Param Id="Address">10.7.132.132:412</Param>
			<Param Id="Title" Opt="1">The_Champion_412 (10.7.132.132:412)</Param>
		</Window>
		<Window Id="Hub">
			<Param Id="Address">10.105.177.8:411</Param>
			<Param Id="Title" Opt="1">Th3 - Hu6 (10.105.177.8:411)</Param>
		</Window>
		<Window Id="Hub">
			<Param Id="Address">10.107.2.55:411</Param>
			<Param Id="Title" Opt="1">EvilKagawa (10.107.2.55:411)</Param>
		</Window>
		<Window Id="Hub">
			<Param Id="Address">10.7.132.132:411</Param>
			<Param Id="Title" Opt="1">The_Champion (10.7.132.132:411)</Param>
		</Window>
		<Window Id="Hub">
			<Param Id="Title" Opt="1">10.106.19.4:412</Param>
			<Param Id="Address">10.106.19.4:412</Param>
		</Window>
		<Window Id="Hub">
			<Param Id="Title" Opt="1">10.106.19.4:411</Param>
			<Param Id="Address">10.106.19.4:411</Param>
		</Window>
	</Recent>
</DCPlusPlus>
