<?xml version="1.0" encoding="utf-8" standalone="yes"?>
<Favorites>
	<Hubs>
		<Hub Name="EvilKagawa" Connect="1" Description="" Nick="" Password="" Server="10.107.2.55:411" UserDescription="" Encoding="English_United States.1252"/>
		<Hub Name="The_Champion" Connect="1" Description="" Nick="" Password="" Server="10.7.132.132:411" UserDescription="" Encoding="English_United States.1252"/>
		<Hub Name="Zenhub2" Connect="0" Description="" Nick="" Password="" Server="10.105.3.51:1209" UserDescription="" Encoding="English_United States.1252"/>
		<Hub Name="Zenhub3" Connect="0" Description="" Nick="" Password="" Server="10.105.3.52:1209" UserDescription="" Encoding="English_United States.1252"/>
		<Hub Name="The Hub" Connect="1" Description="" Nick="" Password="" Server="10.105.177.8:411" UserDescription="" Encoding="English_United States.1252"/>
		<Hub Name="The_Champion_412" Connect="1" Description="" Nick="" Password="" Server="10.7.132.132:412" UserDescription="" Encoding="English_India.1252"/>
		<Hub Name="Red_Dragon" Connect="1" Description="" Nick="" Password="" Server="10.106.19.4" UserDescription="" Encoding="English_India.1252"/>
	</Hubs>
	<Users/>
	<UserCommands/>
	<FavoriteDirs/>
</Favorites>
