<?xml version="1.0" encoding="utf-8" standalone="yes"?>
<HashStore Version="3">
	<Trees>
		<Hash Type="TTH" Index="54200" BlockSize="8388608" Size="4083853312" Root="A25QHBD5TVFRRKCF74HSIWW3S3TTJVP3IMAIECQ"/>
		<Hash Type="TTH" Index="30968" BlockSize="8388608" Size="4120567808" Root="HEHMQZS27RA4656O2HCF4KGCWQNAPKPFBKYQ76A"/>
		<Hash Type="TTH" Index="42776" BlockSize="8388608" Size="3992293376" Root="GSIMNO2IMVQW7WWHYTQ44JBWQUSFBY7DG3TP6CY"/>
		<Hash Type="TTH" Index="9608" BlockSize="16777216" Size="6923794395" Root="GDKDTRTQLDRIBDJH5QCSX26L5GPTXLJDV27FOLY"/>
		<Hash Type="TTH" Index="8" BlockSize="134217728" Size="53687091200" Root="Y2TYTLTY4VDQRWARQMXI6UY5YIWYTDKXFMEJ4XA"/>
		<Hash Type="TTH" Index="19520" BlockSize="8388608" Size="4000923648" Root="QFB5TUKHJWKC3SYAAMDI7Z4UI7SECK6IPPHECBY"/>
	</Trees>
	<Files>
		<File Name="C:\dc\file" TimeStamp="1485786301" Root="Y2TYTLTY4VDQRWARQMXI6UY5YIWYTDKXFMEJ4XA"/>
	</Files>
</HashStore>